Luas,Populasi
1030.9616869699862,111.01576464628796
4214.899405679808,102.0016339738405
6906.996394960693,616.5965455628177
81.31727983645297,12.020815280171307
